oId,order_date,status,custId,eId
1,2026-05-08 05:00:00,completed,39,2
2,2026-05-09 03:00:00,completed,29,5
3,2026-05-03 09:00:00,completed,27,5
4,2026-03-31 12:00:00,completed,16,3
5,2026-04-05 04:00:00,confirmed,15,1
6,2026-05-24 02:00:00,confirmed,17,2
7,2026-03-27 09:00:00,pending,13,3
8,2026-04-30 09:00:00,completed,1,3
9,2026-04-15 10:00:00,completed,22,1
10,2026-04-06 02:00:00,completed,30,4
11,2026-04-04 12:00:00,confirmed,34,4
12,2026-04-13 09:00:00,completed,36,5
13,2026-04-10 05:00:00,confirmed,16,3
14,2026-04-29 01:00:00,completed,14,4
15,2026-04-12 07:00:00,confirmed,11,4
16,2026-05-01 06:00:00,pending,14,4
17,2026-04-14 01:00:00,completed,2,2
18,2026-04-06 06:00:00,completed,11,5
19,2026-05-06 10:00:00,pending,25,4
20,2026-05-02 02:00:00,confirmed,33,6
21,2026-04-21 08:00:00,completed,30,4
22,2026-05-14 08:00:00,completed,14,3
23,2026-04-24 08:00:00,completed,2,1
24,2026-05-11 02:00:00,confirmed,13,3
25,2026-04-18 09:00:00,confirmed,39,3
26,2026-05-25 12:00:00,pending,35,2
27,2026-05-22 05:00:00,confirmed,31,1
28,2026-05-22 03:00:00,completed,10,5
29,2026-05-22 10:00:00,completed,7,2
30,2026-04-11 10:00:00,confirmed,31,3
31,2026-05-11 05:00:00,pending,38,6
32,2026-05-06 10:00:00,pending,37,3
33,2026-04-02 10:00:00,cancelled,38,1
34,2026-05-04 06:00:00,confirmed,7,2
35,2026-04-03 01:00:00,completed,35,4
36,2026-04-10 03:00:00,completed,20,5
37,2026-05-18 11:00:00,confirmed,10,4
38,2026-03-30 03:00:00,completed,5,3
39,2026-05-10 10:00:00,cancelled,25,2
40,2026-04-14 03:00:00,confirmed,5,4
41,2026-04-08 02:00:00,cancelled,28,1
42,2026-04-05 01:00:00,pending,19,3
43,2026-05-16 04:00:00,cancelled,30,6
44,2026-05-06 04:00:00,confirmed,25,4
45,2026-04-11 05:00:00,confirmed,2,6
46,2026-04-27 01:00:00,confirmed,38,3
47,2026-05-02 09:00:00,completed,33,3
48,2026-05-11 11:00:00,completed,26,5
49,2026-04-16 09:00:00,confirmed,21,5
50,2026-04-24 02:00:00,confirmed,7,2
51,2026-04-16 07:00:00,completed,18,1
52,2026-05-18 08:00:00,pending,6,6
53,2026-05-12 04:00:00,confirmed,22,2
54,2026-05-14 02:00:00,confirmed,2,2
55,2026-05-22 03:00:00,pending,27,5
56,2026-05-19 08:00:00,completed,33,2
57,2026-04-01 07:00:00,cancelled,28,6
58,2026-05-16 02:00:00,confirmed,9,3
59,2026-04-03 08:00:00,confirmed,26,4
60,2026-05-16 11:00:00,confirmed,31,1
61,2026-05-02 03:00:00,completed,36,1
62,2026-05-19 06:00:00,confirmed,36,3
63,2026-04-03 10:00:00,cancelled,40,6
64,2026-05-06 06:00:00,completed,23,1
65,2026-05-04 03:00:00,confirmed,24,3
66,2026-04-07 09:00:00,confirmed,8,3
67,2026-05-25 08:00:00,confirmed,28,2
68,2026-05-21 06:00:00,confirmed,37,4
69,2026-05-20 07:00:00,confirmed,20,6
70,2026-05-13 03:00:00,pending,39,2
71,2026-04-27 11:00:00,completed,37,6
72,2026-05-23 01:00:00,confirmed,24,3
73,2026-04-05 12:00:00,completed,3,4
74,2026-05-14 01:00:00,completed,16,6
75,2026-04-13 10:00:00,completed,10,3
76,2026-04-10 02:00:00,pending,20,5
77,2026-05-07 02:00:00,pending,33,5
78,2026-04-02 12:00:00,pending,40,2
79,2026-04-23 09:00:00,completed,27,2
80,2026-05-15 05:00:00,pending,29,5
81,2026-05-02 04:00:00,confirmed,25,1
82,2026-05-25 02:00:00,confirmed,2,3
83,2026-04-15 10:00:00,confirmed,30,1
84,2026-05-25 10:00:00,confirmed,23,2
85,2026-04-13 11:00:00,confirmed,7,5
86,2026-05-13 01:00:00,pending,13,1
87,2026-04-28 07:00:00,completed,29,4
88,2026-05-05 11:00:00,pending,19,3
89,2026-04-17 11:00:00,pending,29,1
90,2026-05-02 08:00:00,cancelled,5,5
91,2026-05-01 09:00:00,confirmed,8,3
92,2026-04-01 06:00:00,completed,23,6
93,2026-04-23 04:00:00,completed,8,2
94,2026-05-21 05:00:00,completed,26,6
95,2026-05-15 03:00:00,pending,21,6
96,2026-05-20 09:00:00,completed,11,5
97,2026-04-29 10:00:00,completed,2,4
98,2026-05-04 10:00:00,confirmed,10,3
99,2026-05-19 01:00:00,confirmed,19,4
100,2026-05-10 04:00:00,completed,38,3
